{"cameraMode":{"drawMode":0,"name":"Shaded","section":"Shading Mode"},"sceneLighting":false,"audioPlay":false,"sceneViewState":{"m_AlwaysRefresh":true,"showFog":true,"showSkybox":false,"showFlares":true,"showImageEffects":true,"showParticleSystems":true,"showVisualEffectGraphs":true,"m_FxEnabled":true},"in2DMode":false,"pivot":{"x":13.414064407348633,"y":-0.046092256903648379,"z":-12.180124282836914},"rotation":{"x":-0.2434033900499344,"y":-0.5343295335769653,"z":0.16403469443321229,"w":-0.7927077412605286},"size":1.4586026668548585,"orthographic":false}