{"cameraMode":{"drawMode":0,"name":"Shaded","section":"Shading Mode"},"sceneLighting":true,"audioPlay":false,"sceneViewState":{"m_AlwaysRefresh":true,"showFog":true,"showSkybox":true,"showFlares":true,"showImageEffects":true,"showParticleSystems":true,"showVisualEffectGraphs":true,"m_FxEnabled":true},"in2DMode":false,"pivot":{"x":0.4587668478488922,"y":-11.281182289123536,"z":18.533510208129884},"rotation":{"x":0.4275476336479187,"y":0.020328661426901819,"z":-0.009636115282773972,"w":0.9037131667137146},"size":31.611717224121095,"orthographic":false}