{"cameraMode":{"drawMode":0,"name":"Shaded","section":"Shading Mode"},"sceneLighting":false,"audioPlay":false,"sceneViewState":{"m_AlwaysRefresh":true,"showFog":true,"showSkybox":false,"showFlares":true,"showImageEffects":true,"showParticleSystems":true,"showVisualEffectGraphs":true,"m_FxEnabled":true},"in2DMode":false,"pivot":{"x":24.528959274291993,"y":-0.5568840503692627,"z":10.417783737182618},"rotation":{"x":-0.22843459248542787,"y":-0.21463079750537873,"z":0.05167743191123009,"w":-0.9482232332229614},"size":0.9794943928718567,"orthographic":false}