{"cameraMode":{"drawMode":0,"name":"Shaded","section":"Shading Mode"},"sceneLighting":false,"audioPlay":false,"sceneViewState":{"m_AlwaysRefresh":true,"showFog":true,"showSkybox":false,"showFlares":true,"showImageEffects":true,"showParticleSystems":true,"showVisualEffectGraphs":true,"m_FxEnabled":true},"in2DMode":false,"pivot":{"x":-0.00022459030151367188,"y":5.155026912689209,"z":-0.017844438552856447},"rotation":{"x":0.3480454981327057,"y":0.008437438867986203,"z":-0.003132183337584138,"w":0.9374366998672485},"size":6.465916633605957,"orthographic":false}