{"cameraMode":{"drawMode":0,"name":"Shaded","section":"Shading Mode"},"sceneLighting":false,"audioPlay":false,"sceneViewState":{"m_AlwaysRefresh":true,"showFog":true,"showSkybox":false,"showFlares":true,"showImageEffects":true,"showParticleSystems":true,"showVisualEffectGraphs":true,"m_FxEnabled":true},"in2DMode":false,"pivot":{"x":1.2043408155441285,"y":0.25726592540740969,"z":0.17934173345565797},"rotation":{"x":-0.2434033900499344,"y":-0.5343295335769653,"z":0.16403469443321229,"w":-0.7927077412605286},"size":1.7144250869750977,"orthographic":false}